session_id,applicant_id,first_name,last_name,agent_name,ally_name,birth_date,gender
P2F4kSPf5a,YVotX3F2N,Jasmine,Baker,Sabrina Cunningham,Alford Andrews,2182-05-05,female
Oxu16UriGm,kldtjKhwY,Jenna,Watson,Alexia Bennett,Kate Owens,2179-01-08,female
6KF2Bsmipg,RqnSYLUPy,Catherine,Taylor,Sabrina Cunningham,Luke Richards,2183-11-26,female
w6hWVt6U50,anotlgSd0,Anna,Jones,Camila Nelson,Honey Hall,2195-04-08,female
52uXYfVfl3,QloCn7Hvo,Heather,Harris,Valeria Harper,Charlie Morrison,2188-05-15,female
5EHLNslU7M,yn2I3xC3o,Cadie,Murray,Tiana Riley,Arthur Stevens,2189-03-20,female
00ujVsNUMv,vpBfKmSVG,Rosie,Walker,Vincent Cooper,Evelyn Mitchell,2178-01-10,female
PRIEXHqfv6,pVAsmBh5M,Fiona,Warren,Kelsey Wilson,Naomi Cooper,2193-10-16,female
5kTlMSmfvN,owoh6PHpL,Cadie,Wright,Clark Harris,Daisy Phillips,2181-07-05,female
bXHlAu5hDl,MxGc0yHLv,Lily,Harris,Emma Morgan,Nicole Armstrong,2192-05-02,female
xDFboSVh9M,AGnHjqugn,Cherry,Perry,Darcy Hall,Charlie Chapman,2192-03-21,female
oGFJQh5hjN,MxXCJGCM9,Caroline,Hall,Darcy Hall,Andrew Campbell,2181-11-27,female
27iP7fLFg7,85VIVPsW0,Tess,Mitchell,Amelia Russell,Evelyn Mitchell,2184-07-27,female
eWsJGFOFjJ,9zZt5KU9M,Amanda,Wells,Amelia Russell,Naomi Cooper,2189-11-07,female
LPSZqsjFko,NRNsXrf4v,Sydney,Hill,Stuart Farrell,Arthur Stevens,2181-12-31,female
emtY4UXFln,VjQuGgcZl,Brianna,Casey,Kevin Perry,Daisy Phillips,2193-01-20,female
nWHOwhaFG9,ZaOuXpCa1,Madaline,Johnson,Kelsey Wilson,Kate Owens,2194-07-07,female
znf0BH9I8a,X69HjPUNk,Emma,Brown,Clark Harris,Owen Walker,2184-02-11,female
aDuj7t2sB8,1oQhGWcX2,Melissa,Payne,Chelsea Barnes,Nicole Armstrong,2179-12-01,female
y7fpEc1uzv,AEvI4Lc3l,Valeria,Hill,Heather Cameron,Sarah Johnson,2194-11-23,female
n5fKdsBFbN,Jdxce8Sd9,Aida,Carter,Valeria Harper,Victor Harris,2199-11-06,female
zRtqaS4uo5,rydFNYSbd,Adelaide,Ellis,Amanda Richardson,Victor Harris,2181-08-09,female
KLHY3UnFQD,E1AF8lI8k,Rosie,Watson,Heather Cameron,Adam Hamilton,2190-06-30,female
n4fkyU4c5k,Q3GfKYujB,Lucy,Hunt,Vincent Cooper,Adam Hamilton,2186-04-12,female
KGIGXC6UAK,qLrFq0h40,Chloe,Cole,Garry Russell,Evelyn Mitchell,2185-09-15,female
b4Id6IKU4j,wB7Cp5hGe,Lucy,Walker,Valeria Harper,Charlie Morrison,2204-07-04,female
ZoCpYUyS0d,5LJsw2t6E,Connie,Dixon,Vincent Cooper,Eddy Morrison,2180-01-27,female
lWU8WTjSeW,BEZs62CWl,Savana,Allen,Reid Turner,Charlie Chapman,2185-07-03,female
EjhYQFdCgK,VG9Ie7c59,Stella,Stewart,Amelia Russell,Andrew Campbell,2179-05-18,female
LzszGtgf01,MXnC37f6l,Madaline,Nelson,Emma Thomas,Charlie Morrison,2190-02-28,female
DYF03sxf5G,j2nidyHGj,Ellia,Ferguson,Garry Russell,Eddy Morrison,2183-08-31,female
14hxGs0ioa,yGWHovUre,Carina,Morgan,Clark Harris,Charlie Morrison,2192-07-13,female
jOtlBFaiRy,aZzS2Ls6v,Rubie,Walker,Garry Russell,Naomi Cooper,2183-02-03,female
X2ieMt6sXr,XkYuQvTaX,Tara,Holmes,Isabella Barnes,David Williams,2195-10-08,female
8gheXFms1n,9nJtN8hwA,Miranda,Johnston,Clark Harris,Charlie Chapman,2187-06-13,female
lmtbyFEsZV,5E5S72Crw,Heather,Evans,Connie Carroll,Sarah Johnson,2196-09-12,female
wWF8ytvukM,ZNRcdmCG6,Kate,Kelley,Kelsey Wilson,Owen Walker,2183-03-12,female
MbhPjT3INB,2AXcbxuD3,Samantha,Douglas,Garry Russell,Andrew Campbell,2182-02-15,female
dptdbt5Iek,jAJcN8S1d,Valeria,Cooper,Connie Carroll,Andrew Campbell,2186-08-28,female
oNhjkTVFMD,yGWHovUre,Alisa,Spencer,Garry Russell,Charlie Morrison,2192-07-13,female
NLIyaCrcoY,J9qF59t8N,Belinda,Chapman,Emma Morgan,Myra Owens,2189-10-06,female
4qtxqUvc6w,nqlioxtZE,Caroline,Baker,Ashton Anderson,Evelyn Mitchell,2186-01-27,female
B5hJwsGsG4,NNBueWIo9,Lydia,Gray,Heather Cameron,Myra Owens,2189-07-27,female
amuOoS6Cjy,kd4Id0SRo,Natalie,Foster,Heather Cameron,Luke Richards,2200-06-21,female
a0u8lSPt5g,kAgH25uZk,Tara,Turner,Kelsey Wilson,Evelyn Mitchell,2178-02-17,female
rwfO6FxC2N,6qwFnqCGJ,Nicole,Adams,Garry Russell,Arthur Stevens,2191-04-03,female
AXSO5IKCKm,xOzFJkFwe,Abigail,Howard,Tony Adams,Eddy Morrison,2191-07-22,female
12ClnSaHlr,6mQC5jTEd,Natalie,Sullivan,Albert Owens,Arthur Stevens,2193-02-23,female
ONI3OtwHJV,X6QSpRcwX,Samantha,Parker,Ashton Anderson,Nicole Armstrong,2191-08-12,female
rWSjVIXfBM,MXnC37f6l,Charlotte,Robinson,Elise Scott,David Williams,2190-02-28,female
O8t31iYfGY,yn2I3xC3o,Florrie,Edwards,Camila Nelson,Honey Hall,2189-03-20,female
05IEAFrt3D,OAyCx9IzD,Sophia,Perkins,Darcy Hall,Honey Hall,2192-07-03,female
o8SD1fnu2r,3j2I9mcZM,Melissa,Roberts,Camila Nelson,Charlie Morrison,2201-10-24,female
PPU7pC8u4l,MQ1SXlf4L,Rebecca,Edwards,Garry Riley,Owen Walker,2189-02-19,female
4dI3mS4uPE,1oQhGWcX2,Sarah,Hamilton,Valeria Harper,Evelyn Mitchell,2179-12-01,female
LvCRrHeupy,rnxc6jH1G,Chelsea,Parker,Amelia Russell,Edith Barnes,2190-04-13,female
MWiqeS9Foa,Lx9tR5I4k,Heather,Grant,Alfred Campbell,Luke Richards,2185-11-21,female
WXHyGSLI6K,586CRYhBV,Lilianna,Thompson,Stuart Farrell,Edith Barnes,2183-08-05,female
QguvMFQcya,a01UdMF7X,Kelsey,Johnson,Sabrina Cunningham,Edith Barnes,2185-01-26,female
goIPmUqc2Z,YVotX3F2N,Evelyn,Clark,Valeria Harper,Myra Owens,2182-05-05,female
Mys7ySnUr8,6E4sz8ikJ,Maddie,Casey,Isabella Barnes,Charlie Morrison,2195-02-14,female
dPfJRUPUWo,jAJcN8S1d,Jenna,Morrison,Emma Morgan,Charlie Chapman,2186-08-28,female
M6H1LirFra,EjyH5GIVB,Sofia,Douglas,Tony Adams,Kate Owens,2202-01-25,female
9nIpLfYFnR,NkeC3NsMZ,Eleanor,Martin,Darcy Hall,Charlie Morrison,2187-11-05,female
vVuD0H7IyD,ZR0cryul6,Charlotte,Lloyd,Isabella Barnes,Sarah Johnson,2183-09-16,female
39Hjzu0cN3,ragIJDIva,Sydney,Williams,Amelia Russell,Evelyn Mitchell,2195-06-30,female
9miVRiycEB,n8lcEQf7V,Charlotte,Davis,Clark Harris,Charlie Chapman,2186-08-28,female
JDuymtBFw1,lr7SD6fqL,Emma,Baker,Chelsea Barnes,Victor Harris,2181-04-14,female
3kfaNu3Fv7,2zrHdzSJz,Rubie,Chapman,Reid Turner,Victor Harris,2198-02-25,female
BeT40HWFRQ,jngCLNsJg,Amelia,Thompson,Darcy Hall,Edith Barnes,2193-06-09,female
pqsnDSWIje,KAJiZ5COr,Vanessa,Morgan,Amelia Russell,Eddy Morrison,2186-04-12,female
oxUB2tNI1Y,vXjhOdSmA,Penelope,Cunningham,Alexia Bennett,Eddy Morrison,2183-07-19,female
J8igqsgI2P,M3Jcxlc6Z,Kimberly,Johnson,Amanda Richardson,Myra Owens,2195-04-19,female
7PiLMCJUQv,vZYI2etMr,Lydia,Myers,Albert Owens,Evelyn Mitchell,2182-05-24,female
lMSw5HvsQy,M6Nc3pt5R,Myra,Johnson,Emma Morgan,Edith Barnes,2194-02-02,female
YwuBpfeCX9,R0YSVMUnP,Violet,Carter,Garry Riley,Kate Owens,2198-05-23,female
X0t9qF9f1w,5j9ueycvY,Sabrina,Williams,Garry Russell,Victor Harris,2194-07-01,female
0ECOXivfY9,VpmtyaiXk,Tara,Harper,Heather Cameron,Daisy Phillips,2200-07-01,female
9rC0eSjfzw,8dou7NT3n,Chelsea,Hamilton,Amelia Russell,Naomi Cooper,2190-10-26,female
M2tqwUjfrL,r5ncJoTqm,Eleanor,Martin,Ashton Anderson,Daisy Phillips,2185-09-11,female
OLF94UDCGk,JvnsdPH7j,Lilianna,Spencer,Stuart Farrell,Charlie Morrison,2193-11-01,female
q0CVzCBHZV,WLmHp9hkz,Annabella,Alexander,Heather Cameron,Victor Harris,2189-02-15,female
rvhe8HAf9A,eAaTVRS0v,Myra,Edwards,Lucy Owens,Kate Owens,2200-12-02,female
a9U8juEHb6,Azjs8NfjD,Valeria,Chapman,Amelia Russell,Charlie Chapman,2200-02-02,female
3yudvujSGO,VjQuGgcZl,Grace,Campbell,Amanda Richardson,Arthur Stevens,2193-01-20,female
Q8TJpf5fP0,zowiy4HX4,Alisa,Lloyd,Garry Riley,Charlie Morrison,2181-01-30,female
Mri90tYCY1,R2LcQ5hVn,Tiana,Ryan,Amelia Russell,Andrew Campbell,2191-03-19,female
75IX0c5cpg,4MVIWRH8w,Naomi,Spencer,Tiana Riley,Owen Walker,2188-09-10,female
RYSrNfvUWR,4Xlh1DTLE,Miley,Alexander,Lucy Owens,Alford Andrews,2192-02-16,female
3pfAWtpIgd,B2NIjAt75,Belinda,Parker,Vincent Cooper,Eddy Morrison,2196-03-29,female
yNTy7swhy5,eK1cy0Tem,Lydia,Rogers,Vincent Cooper,Owen Walker,2189-07-24,female
OlSnEswhW9,V7vTG2SeL,Isabella,Murray,Chelsea Barnes,Evelyn Mitchell,2200-08-07,female
0KTv0I2fwr,D09IdAhg5,Aida,Chapman,Tony Adams,Nicole Armstrong,2181-12-12,female
RVteLSXfKE,PLdTQvFpJ,Melissa,Hunt,Emma Thomas,Nicole Armstrong,2185-10-30,female
OyH3yT5id7,zKPTGPi5e,Maya,Higgins,Emma Thomas,Arthur Stevens,2196-03-08,female
ekCbBuaiab,rWYFakCzG,Chloe,Kelly,Albert Owens,Kate Owens,2181-09-21,female
7dtqNuMCVY,drBhWGtgy,Joyce,Allen,Emma Morgan,Honey Hall,2193-02-27,female
JzfLOt5HDe,BjeC7jHAV,Alissa,Johnston,Sabrina Cunningham,Sarah Johnson,2179-09-01,female
3RTyYUnSgn,9zZt5KU9M,Annabella,Kelley,Tiana Riley,Evelyn Mitchell,2189-11-07,female
p3ImyH4SV4,lBKsy9cva,Lydia,Mason,Garry Riley,Daisy Phillips,2193-06-29,female
elu0OTeS0e,44kSGyTPa,Connie,Miller,Emma Morgan,Charlie Chapman,2197-03-13,female
L3t7VT0f25,Y9QCXMcbX,Sarah,Hawkins,Kevin Perry,Adam Hamilton,2194-02-08,female
EAUrBT9fM6,QmQtdwSno,Caroline,Morgan,Amanda Richardson,Edith Barnes,2179-09-21,female
NDuoYUQf0Z,zd4CoyhJz,Olivia,Turner,Camila Nelson,Victor Harris,2184-03-09,female
xaUmQspiD9,WdDsQxFWL,Nicole,Spencer,Heather Cameron,Andrew Campbell,2201-09-25,female
qnIzQhmipQ,9ynH8yh0Y,Hailey,Cole,Albert Owens,Luke Richards,2203-12-23,female
YDHkvIxtdb,9ldF8VILK,Isabella,Reed,Camila Nelson,Nicole Armstrong,2185-10-06,female
XvCJjtAtVX,BQ0CPRtRD,Daisy,Carroll,Garry Russell,Luke Richards,2177-12-02,female
7NfZlsjHrE,qA6TY5u8b,Sienna,Nelson,Darcy Hall,Sarah Johnson,2200-02-09,female
w1Sb7uoc0o,2d0F0giEz,Nicole,Nelson,Clark Harris,Alford Andrews,2193-04-07,female
rrhPDt0sy9,LjwCX3SLB,Gianna,Baker,Amelia Russell,Charlie Morrison,2190-12-04,female
oxF39iluBq,kLosnqCA8,Florrie,Hill,Camila Nelson,Andrew Campbell,2185-01-09,female
yQF56hruxg,7l5H1eFBD,Adelaide,Andrews,Emma Thomas,Charlie Chapman,2182-12-08,female
pES0gHBFmR,Nqkf8OHO4,Lydia,Craig,Clark Harris,Adam Hamilton,2194-09-03,female
oeFJRUlU8o,VJnIVkumA,Paige,Morris,Garry Riley,Edith Barnes,2192-09-17,female
0ztkmU4s87,LGBTWpfgn,Lily,Thomas,Amelia Russell,Adam Hamilton,2183-03-24,female
jmil9Uws9o,oE1T96CRW,Annabella,Crawford,Ashton Anderson,Luke Richards,2191-02-19,female
Met90S6s4o,QLwHDdhoP,Lana,Payne,Emma Morgan,Arthur Stevens,2193-04-22,female
zRT8QfKsAk,QBxt25hbx,Stella,Johnson,Alfred Campbell,Luke Richards,2192-01-29,female
MVTzZs6UlK,wEAtDGuvA,Sofia,Johnson,Tiana Riley,Andrew Campbell,2192-02-15,female
7afJ3hphMO,j1YFxGIlR,Valeria,Barnes,Emma Thomas,Charlie Morrison,2200-09-07,female
qGIq7SghK6,ZeECWKSmJ,Heather,Hunt,Tiana Riley,Nicole Armstrong,2200-06-09,female
wlHQzf4hA6,PAnF9vfza,Lana,Smith,Garry Riley,Victor Harris,2194-03-07,female
EXU8acGIg6,57jf3ZcaB,Stella,Casey,Albert Owens,Victor Harris,2184-07-20,female
vvfBAIWhrP,PEqtXvTqy,Chloe,Hunt,Connie Carroll,Charlie Chapman,2186-12-31,female
bJSEBFXhVn,VJnIVkumA,Samantha,Ellis,Garry Riley,Eddy Morrison,2198-01-06,female
R9SqWugs9p,Yw9IaqFvx,April,Spencer,Lucy Owens,Andrew Campbell,2193-04-30,female
0wt73CLsrm,R0YSVMUnP,Annabella,Cole,Valeria Harper,Luke Richards,2198-05-23,female
VoU1yIRs81,X69HjPUNk,Jasmine,Gibson,Garry Riley,Eddy Morrison,2184-02-11,female
NbfnlIysol,owoh6PHpL,Camila,Kelly,Amelia Russell,Alford Andrews,2181-07-05,female
bLsqxfOFl6,p6bHxXfGV,Sydney,Chapman,Clark Harris,Eddy Morrison,2196-12-26,female
b4H3MUjhvx,8RkhlRIjX,Alissa,Williams,Garry Murphy,Charlie Morrison,2192-05-14,female
EoFJ9i8iqX,pm5CpBcGK,Alina,Mason,Vincent Cooper,Eddy Morrison,2189-11-01,female
gdixPs3HOw,XG4HR8Te4,Alberta,Richards,Heather Cameron,Edith Barnes,2200-07-17,female
5xhD4Udipk,8KaHJvHBn,Darcy,Harris,Emma Thomas,Victor Harris,2194-01-02,female
r4Sx9cOtew,KA2FOvsDB,Alisa,Douglas,Garry Riley,Victor Harris,2198-05-19,female
DQFe2h4CBe,82yhPzIab,Hailey,Mason,Camila Nelson,Edith Barnes,2185-11-22,female
0ySnOI6HAx,PpETznHRM,Natalie,Tucker,Tiana Riley,Andrew Campbell,2201-03-27,female
wVIBLHZCMD,BN2uXbfdD,Grace,Johnson,Albert Owens,Evelyn Mitchell,2189-04-15,female
JmiW6frUJL,E48hWPIej,Rubie,Payne,Elise Scott,Charlie Morrison,2185-04-21,female
NGU9ytniKq,ragIJDIva,April,Barrett,Amelia Russell,Charlie Morrison,2195-06-30,female
rNha4u8ijr,jn1SZzH7D,Eleanor,Richardson,Isabella Barnes,Honey Hall,2194-09-13,female
DKh3ouZc6O,1QNs0QUy7,Valeria,Jones,Emma Morgan,Nicole Armstrong,2195-08-01,female
RLfgzcOhpw,5wKukgU4A,Amy,Robinson,Vincent Cooper,Luke Richards,2192-07-29,female
W9CkKTBhpx,gRjtJztok,Brianna,Richardson,Chelsea Barnes,Daisy Phillips,2195-05-06,female
NaSKmtMc5y,586CRYhBV,Cherry,Brown,Amelia Russell,Myra Owens,2183-08-05,female
bYt6mF3hR4,00ahvrCp5,Amanda,Hamilton,Reid Turner,Victor Harris,2180-10-24,female
QGFxYCgsNx,La8CKXI7L,Vanessa,Parker,Darcy Hall,Daisy Phillips,2197-06-05,female
mvirafZCVq,QL6t6Rh2M,Natalie,Robinson,Lucy Owens,Arthur Stevens,2189-07-06,female
DKfaWulH6z,QZVI0wU05,Jenna,Harris,Chelsea Barnes,Evelyn Mitchell,2185-09-19,female
2XsYKT2Hnk,16xiLMfAW,Brooke,Morris,Tiana Riley,Myra Owens,2188-03-04,female
r9uY9sjS0g,VjQuGgcZl,Charlotte,Russell,Albert Owens,Arthur Stevens,2193-01-20,female
R6ubDfQSnL,XG4HR8Te4,Adelaide,Anderson,Amanda Richardson,Myra Owens,2200-07-17,female
a3sw0UJCpn,BQ0CPRtRD,Kimberly,Howard,Tiana Riley,Charlie Chapman,2177-12-02,female
aginVh1Caj,bO9cwVtPj,Sophia,Rogers,Elise Scott,Edith Barnes,2183-01-21,female
LyIOLS3Fld,57jf3ZcaB,Brooke,Hamilton,Vincent Cooper,Andrew Campbell,2184-07-20,female
mduOrheIQe,80pIPgINd,Miley,Ryan,Cadie Thomas,David Williams,2196-12-06,female
8jUeqfyhOa,7RKSBDho6,Melissa,Hill,Albert Owens,Charlie Chapman,2203-02-17,female
VgF4PU1u9v,YVOuGVTqX,Rosie,Hall,Heather Cameron,Naomi Cooper,2185-12-04,female
woFRdHXupe,OqruoVFEQ,Rosie,Hamilton,Alexia Bennett,Eddy Morrison,2193-03-14,female
lJT52Uxu0B,Lw3fOvTVP,Brianna,Hall,Emma Thomas,Honey Hall,2184-08-16,female
j9IWzCOFZz,MDxTWEFBL,Lucy,Kelly,Camila Nelson,Honey Hall,2186-06-20,female
02TqEIlFY5,BLjCaNtQg,Violet,Watson,Sabrina Cunningham,Daisy Phillips,2181-07-05,female
02t2asDFnL,opbHLOT78,Chloe,Lloyd,Alfred Campbell,Andrew Campbell,2197-09-25,female
kNsaKfzIP4,yn5CAYfAw,Sarah,Montgomery,Amanda Richardson,Myra Owens,2181-06-23,female
nnu9gHVcjk,OAyCx9IzD,Sydney,Campbell,Garry Murphy,Andrew Campbell,2192-07-03,female
8nSdRS0IW0,DDvCzkHbq,Chloe,Grant,Amanda Richardson,Adam Hamilton,2186-11-03,female
0YUzZfVcky,oeXsR3CLp,Catherine,Craig,Valeria Harper,Myra Owens,2194-03-14,female
qEUylFLhZb,QZVI0wU05,Lucy,Reed,Albert Owens,Eddy Morrison,2185-09-19,female
ORsP0Flu8N,r6WUBjHry,Emma,Ross,Garry Russell,Eddy Morrison,2199-05-10,female
vJU6ZTOCa7,jAJcN8S1d,Arianna,Kelly,Emma Thomas,Luke Richards,2186-08-28,female
llU7zS6Cw9,paYSNRcjG,Honey,Cole,Elise Scott,Kate Owens,2187-08-04,female
bmFJaCkCPv,ag2hOQsgo,Lucia,Dixon,Alfred Campbell,Charlie Morrison,2186-01-29,female
p4hwocYU2x,NXycO7IXv,Caroline,Chapman,Stuart Farrell,Edith Barnes,2192-06-08,female
vws8OFlSVD,pBKIE8tpb,Annabella,Baker,Darcy Hall,Arthur Stevens,2187-08-31,female
r9iLzt7SDz,WOQhYmS86,Edith,Holmes,Vincent Cooper,Charlie Chapman,2198-08-16,female
erf2OUMiBn,4y8CwRt1L,Savana,Clark,Tony Adams,David Williams,2187-11-12,female
MeuJLi7iLA,EebFNvf4D,Emily,Phillips,Kevin Perry,Owen Walker,2181-12-20,female
RxfVKfeir1,ZGEhNJCR0,Grace,Evans,Lucy Owens,Adam Hamilton,2186-03-06,female
jqh9ziqtoO,rplCjwFdm,Isabella,Perkins,Tony Adams,Charlie Chapman,2202-06-20,female
Pofq0Cetby,kldtjKhwY,Alexia,Higgins,Alexia Bennett,Charlie Morrison,2179-01-08,female
B8ULKhrfYO,YQzFVeUMj,Byron,Warren,Valeria Harper,Victor Harris,2192-05-09,male
gzHLqcviYD,JJzIa1u7r,David,Harris,Isabella Barnes,Eddy Morrison,2194-01-21,male
A2uOeIjiz2,Q8Gi1xUAW,Victor,Kelly,Garry Riley,David Williams,2185-05-25,male
m2h26SkiWR,zMeCBKH0G,Marcus,Kelley,Amelia Russell,Evelyn Mitchell,2184-01-07,male
kxfVRfJipm,wzRuObieb,Rafael,Jones,Alfred Campbell,Daisy Phillips,2190-06-23,male
bKUkqHYCQW,kXxiMnTaK,Edgar,Smith,Emma Thomas,Arthur Stevens,2184-02-11,male
5qTxgUKh91,aG0tWVizV,Tyler,Hill,Darcy Hall,Charlie Morrison,2195-06-14,male
9jUzKuZh7P,0E3C3lTpN,Reid,Douglas,Cadie Thomas,Evelyn Mitchell,2186-06-19,male
K5inaU8s46,rlos6rh4V,Richard,Walker,Kevin Perry,Honey Hall,2189-01-17,male
zQUL9SmsEj,lapFg7C7g,Ryan,Payne,Connie Carroll,Sarah Johnson,2194-03-20,male
4ZIDbUas9W,bgxF8MCwX,Lucas,Hill,Darcy Hall,Kate Owens,2184-04-19,male
1yuN6fLFw8,ANQiBnTBP,Walter,Farrell,Amanda Richardson,Kate Owens,2198-04-27,male
eVsX9IrIqg,ZylH3EcbK,Alen,West,Ashton Anderson,David Williams,2183-03-15,male
bptXyFyFk9,EB4h03Twa,Brad,Thompson,Amanda Richardson,Edith Barnes,2199-03-21,male
PxI0XsKcxv,WnJCXjTgq,Julian,Anderson,Tony Adams,Owen Walker,2194-12-17,male
4zIw3hLC7d,PGPTKgcYd,Fenton,Murphy,Emma Thomas,Daisy Phillips,2181-10-27,male
emIjPT8tmX,qEKfdjcap,Martin,Richardson,Chelsea Barnes,Nicole Armstrong,2193-04-05,male
zACa7IetNy,E72iy9T0d,Tyler,Higgins,Camila Nelson,Eddy Morrison,2197-01-29,male
ReFmNuehAQ,V17SGNFWp,Roman,Murphy,Emma Thomas,Adam Hamilton,2188-03-07,male
KwTbPHosZn,420ivOtBD,Derek,Kelly,Tony Adams,Myra Owens,2180-01-12,male
N8FzNUauEa,eDJt1zixq,Charlie,Anderson,Ashton Anderson,Arthur Stevens,2186-12-10,male
WrHz2fyuJb,59DS4efg2,Sawyer,Montgomery,Stuart Farrell,Eddy Morrison,2184-02-23,male
y8uYmH3Ioz,nMvs0oFGa,Spike,Hamilton,Lucy Owens,Eddy Morrison,2194-04-13,male
DvIv0C9u40,AAysk4CvX,Adison,Cole,Amelia Russell,Owen Walker,2193-12-05,male
EysBWIJhrN,D5Ksn1f0P,Kevin,Robinson,Amanda Richardson,Arthur Stevens,2192-07-29,male
yxSBEUgHoQ,K31cnBc6x,Byron,Thompson,Chelsea Barnes,Naomi Cooper,2189-11-04,male
ekC15IQSgY,l4XtKoHXd,Leonardo,Brooks,Albert Owens,Adam Hamilton,2188-07-24,male
ZktP3HGSeO,QApFvjC5E,Ryan,Hill,Amelia Russell,Adam Hamilton,2193-09-09,male
vqt73HKf7X,4x3h1ou9R,Thomas,Martin,Ashton Anderson,Charlie Morrison,2193-11-26,male
exF30IaHyP,emlIVnTK4,Kelvin,Cooper,Cadie Thomas,Nicole Armstrong,2187-01-10,male
kPSzqI6i7x,enbszRHb5,Ted,Myers,Cadie Thomas,Andrew Campbell,2184-10-24,male
veIpKu7t1x,GwqhQwso0,Tyler,Barnes,Amanda Richardson,Charlie Morrison,2205-07-23,male
PPCOgueIeM,z3MIZLIz8,Freddie,Ryan,Amanda Richardson,Eddy Morrison,2196-07-29,male
v1u1yiXIqQ,rBPIG1fJG,Elian,Kelley,Albert Owens,Arthur Stevens,2187-02-26,male
7lSRxf6UNQ,RJbFg1S2B,Daniel,Dixon,Connie Carroll,Victor Harris,2192-07-23,male
ZNTE8caswo,redCv4uGO,Jack,Mason,Ashton Anderson,Alford Andrews,2181-12-29,male
ZNT54Hguw3,LrzCKGc3o,Charlie,Walker,Valeria Harper,Eddy Morrison,2178-01-15,male
jPtdKt3F3q,ZR6T2ohp5,Aston,Wilson,Connie Carroll,Nicole Armstrong,2178-11-26,male
wPuDPTAFNE,oR2H0zuyG,Owen,Douglas,Lucy Owens,Owen Walker,2176-08-15,male
5Ys2aH6cyB,zZlHgbc0k,Carlos,Lloyd,Tiana Riley,Luke Richards,2190-07-24,male
WeHW4hycxk,z3MIZLIz8,Kevin,Higgins,Darcy Hall,Nicole Armstrong,2196-07-29,male
Dqi2vTDuYd,8x6irDUYR,Jack,Warren,Sabrina Cunningham,Charlie Morrison,2197-07-20,male
3bHAdhZCXD,o4jTbgfDx,Alen,Kelley,Kevin Perry,Alford Andrews,2189-06-22,male
X6UjbTOHep,Jokf7GH49,Adrian,Mitchell,Ashton Anderson,Luke Richards,2195-03-07,male
2ySp2hqHyq,bgxF8MCwX,Kellan,Stevens,Kelsey Wilson,Arthur Stevens,2184-04-19,male
Q8uL2TXtZ2,eXaCVvTNp,Oscar,Williams,Sabrina Cunningham,Victor Harris,2199-07-26,male
PVfLYsKFYx,wlKhZ6czX,Freddie,Robinson,Amelia Russell,David Williams,2191-12-17,male
RWfJXFnF4v,Ej4iGMHLp,Max,Smith,Vincent Cooper,Evelyn Mitchell,2191-11-25,male
bGT4MsLFV0,EdktlYTO1,Frederick,Jones,Kevin Perry,Evelyn Mitchell,2192-10-20,male
dmtR9iJcQn,0JzHjRIgJ,Adam,Watson,Chelsea Barnes,Daisy Phillips,2177-08-05,male
YkCw8hrsbw,z3MIZLIz8,Ned,Clark,Isabella Barnes,Owen Walker,2196-07-29,male
87igJCWUoO,x70F6Zueb,Tony,Rogers,Connie Carroll,Myra Owens,2195-12-26,male
wkf4jtGFXV,77ot2NFAX,Stuart,Andrews,Chelsea Barnes,Nicole Armstrong,2188-03-05,male
grsENtZc7x,6lat83SlK,Adison,Jones,Sabrina Cunningham,Arthur Stevens,2195-01-04,male
vvtEXUEsxq,58ZcgJToN,Richard,Lloyd,Tiana Riley,Victor Harris,2193-11-26,male
LLIyaSRFaq,OejuAWIjn,Edwin,Wright,Emma Thomas,Charlie Morrison,2191-09-07,male
b3IZ3hBFqK,zMeCBKH0G,Steven,Gibson,Garry Murphy,Arthur Stevens,2184-01-07,male
KPi46faHnE,zpmuXRHlQ,Jack,Taylor,Connie Carroll,Alford Andrews,2191-12-10,male
RjteXfjHjn,zP5ukrC0r,Daniel,Payne,Alfred Campbell,Alford Andrews,2190-10-31,male
qXsqvfdSdX,6jeIAwieB,Reid,Barnes,Amelia Russell,Naomi Cooper,2201-09-27,male
bGSxKtJfAY,9z2hBxsgj,Vincent,Cole,Lucy Owens,Adam Hamilton,2186-04-05,male
9ot89T2iKp,D6AUg0txw,Ted,Henderson,Lucy Owens,Alford Andrews,2179-05-28,male
B2InQCzSmq,PlaCaEikB,Sawyer,Murray,Garry Riley,Owen Walker,2182-11-05,male
grsNlCmfXZ,5ZYfY5CQ0,Brad,Henderson,Clark Harris,Luke Richards,2186-04-27,male
87hmVTKtPV,OgbHZyC26,James,Davis,Emma Morgan,Sarah Johnson,2199-09-11,male
zkFr6tMUdM,WvJCEGtq5,Elian,Gray,Lucy Owens,Arthur Stevens,2183-07-07,male
lVfqQu5hyV,OgWud4tBq,Clark,Barnes,Kelsey Wilson,Andrew Campbell,2181-07-08,male
EoTLGcXFYZ,PkDImLH6O,Preston,Walker,Camila Nelson,Evelyn Mitchell,2208-03-03,male
ArUP1tdcxO,WWltB4iM9,Preston,Ross,Chelsea Barnes,Alford Andrews,2195-12-15,male
MvF6oTKh02,qPAuletgy,Adrian,Nelson,Ashton Anderson,Kate Owens,2179-12-23,male
jvhG1sxuEG,Bg9CzJukD,Sawyer,Harrison,Garry Riley,Luke Richards,2181-12-03,male
68UjzhpFJX,NpySdAfQW,Kristian,Scott,Chelsea Barnes,Myra Owens,2202-03-08,male
leSQBiNU5M,eJRhO0SOP,Henry,Taylor,Valeria Harper,Eddy Morrison,2180-12-06,male
ZPU9Qhounp,aRQcgEfgE,Miller,Brooks,Chelsea Barnes,Owen Walker,2178-06-02,male
3buGrIqc80,2rlHQgsoY,Jordan,West,Camila Nelson,Owen Walker,2190-02-14,male
y8uVoudFm5,9r4trwTjn,Sawyer,Wells,Amanda Richardson,Honey Hall,2194-05-05,male
7rI7zFYsnQ,yAmh4gsbk,Thomas,Armstrong,Ashton Anderson,Myra Owens,2198-09-19,male
vvFgds5u0v,8x6irDUYR,Luke,Richardson,Alfred Campbell,Luke Richards,2197-07-20,male
9zU8jsMhYj,E72iy9T0d,Haris,Gray,Kelsey Wilson,Owen Walker,2197-01-29,male
OBtOAHXSPl,eQpC13cNp,Adrian,Craig,Cadie Thomas,Luke Richards,2193-04-24,male
wKFvqInSE1,RbLto8I49,Edward,Montgomery,Heather Cameron,Adam Hamilton,2192-06-14,male
Bqt7aukUBl,aAxFJMF7a,Dominik,Harrison,Emma Morgan,Eddy Morrison,2195-12-26,male
AGHBoiZClK,9MDcMXuQ4,James,Anderson,Sabrina Cunningham,Edith Barnes,2183-06-05,male
EvFoLcDHdJ,WmECypUkg,Julian,Williams,Kevin Perry,Arthur Stevens,2186-08-12,male
nOHkZCYtV6,8LNC3NHE8,Tyler,Owens,Emma Thomas,Alford Andrews,2187-11-05,male
5ySRMtXCQe,vkEhJbh1B,Ryan,Holmes,Isabella Barnes,Charlie Morrison,2181-03-13,male
7Jh7rUZir4,wAycbZIvx,Justin,Riley,Lucy Owens,Honey Hall,2196-04-14,male
ZDTdjTjI7k,DZ3cO5SJW,Daryl,Elliott,Isabella Barnes,Honey Hall,2203-10-20,male
V8F0zt8cXg,dWrtW3TDd,Adrian,Lloyd,Valeria Harper,Evelyn Mitchell,2205-10-02,male
ROIGNHvsK8,E3ki4NsMY,Dale,Gibson,Sabrina Cunningham,Eddy Morrison,2194-05-31,male
PafzWSeup2,3ZLTlzfoX,Carl,Bennett,Kelsey Wilson,Sarah Johnson,2193-04-24,male
Rzt21sNuyN,wzRuObieb,Frederick,Sullivan,Tony Adams,Andrew Campbell,2190-06-23,male
eJfX7FnF9R,EMKC81Uxk,Kevin,Owens,Cadie Thomas,Kate Owens,2188-05-17,male
Z9SM9UqumL,kbOh41i5E,Oliver,Kelly,Kevin Perry,Edith Barnes,2190-02-12,male
z3T6yu6I4P,J2Mu9BIbG,Adrian,Williams,Tiana Riley,Myra Owens,2200-08-28,male
Zjho3toIv5,elZTYRiR6,Sawyer,Sullivan,Isabella Barnes,Myra Owens,2202-05-13,male
R9tnKujhqA,xK5T68COv,Tyler,Miller,Amelia Russell,Owen Walker,2193-09-24,male
NqUx1TRCDd,OnoFj6Uvr,George,Morgan,Kelsey Wilson,Luke Richards,2193-04-22,male
ByhRvfzSkL,AeBsL4cJR,Paul,Harrison,Isabella Barnes,Naomi Cooper,2203-12-11,male
ppIA1iZfwE,jBeImGS3B,Alexander,Spencer,Isabella Barnes,David Williams,2198-05-27,male
oQupghNi7g,op0tO2igY,Ted,Holmes,Stuart Farrell,Sarah Johnson,2194-01-16,male
LYFYXCaUO6,JPaSoxI70,Kellan,Phillips,Chelsea Barnes,Daisy Phillips,2192-03-21,male
pMtY7cdI2v,RJbFg1S2B,Alfred,Fowler,Alexia Bennett,Kate Owens,2192-07-23,male
YoSZPFpI60,wrkCQ3IdG,Arthur,Cooper,Darcy Hall,Naomi Cooper,2179-02-02,male
58ugztJhOP,d8ahnVUny,Preston,Hill,Garry Riley,Charlie Morrison,2192-01-10,male
8XuDEcYsoR,WLrCVdhr3,David,Davis,Garry Murphy,Charlie Morrison,2193-08-11,male
rdH12sluNJ,vAxukRHnA,Andrew,Anderson,Lucy Owens,Naomi Cooper,2190-01-17,male
z5HAesYI0j,x8DI9mH86,Brad,Brown,Chelsea Barnes,Charlie Chapman,2195-12-26,male
B3sEmUxIvx,9MDcMXuQ4,William,Davis,Emma Thomas,Evelyn Mitchell,2183-06-05,male
5PfN0UJh1Y,7keSjoCPW,Jack,Harper,Alexia Bennett,Kate Owens,2189-10-20,male
Y1UoMSBCvQ,ZnKt6Ofon,John,Campbell,Garry Russell,Alford Andrews,2189-03-25,male
YBT2WtASZd,o28CjBcYA,Robert,Howard,Darcy Hall,David Williams,2196-12-18,male
apsrqIZfze,KRQtN7uoY,Jacob,Parker,Amanda Richardson,Eddy Morrison,2190-07-03,male
L4SZNcrCaL,KO2SB4HB2,Walter,Perry,Darcy Hall,Charlie Morrison,2184-10-23,male
zKCpmFzUWM,9X4fwpiYO,Wilson,Crawford,Heather Cameron,David Williams,2184-10-26,male
kACM4tZS2k,1wktx3HY0,Martin,Ellis,Valeria Harper,Adam Hamilton,2205-07-23,male
zrUoRcaSQo,g2vUx1fxg,Daryl,Rogers,Emma Morgan,Edith Barnes,2200-06-29,male
WvTN5Idiax,PGPTKgcYd,Freddie,Hunt,Heather Cameron,Eddy Morrison,2181-10-27,male
